title,info,links,timestamp,status,rating,comment,tags
消失的爱人,imdb:tt2267998 year:2014 director:/person/5rx7Bre1IozALhTRqxzZlY,https://neodb.social/movie/0KwCU1TINg9w0Nb54S8ew0 https://www.themoviedb.org/movie/210577 https://movie.douban.com/subject/21318488/ https://www.imdb.com/title/tt2267998/ https://minreol.dk/movie/7db5rnff6imEsoABcxlFYA https://www.wikidata.org/wiki/Q14920425 https://bridge.neodb.net/catalog/movie/imdbId-tt2267998,2021-08-17T16:00:00+00:00,complete,8,,
小森林 夏秋篇,imdb:tt3474600 year:2014 director:/person/00dnXELuYvo6uFs7EjH6OP,https://neodb.social/movie/5g0j79DTH2nRJAMZoopbRP https://www.themoviedb.org/movie/294682 https://www.imdb.com/title/tt3474600/ https://movie.douban.com/subject/25814705/ https://bridge.neodb.net/catalog/movie/imdbId-tt3474600,2021-08-17T16:00:00+00:00,wishlist,,,
小森林 冬春篇,imdb:tt3474602 year:2015 director:森淳一,https://neodb.social/movie/5XFmTaEZMzVc17sTrhJ1mf https://www.themoviedb.org/movie/336026 https://www.imdb.com/title/tt3474602/ https://movie.douban.com/subject/25814707/,2021-08-17T16:00:00+00:00,wishlist,,,
一个叫欧维的男人决定去死,imdb:tt4080728 year:2015 director:汉内斯·赫尔姆,https://neodb.social/movie/2U1Vf9zXPq4ukNgQKKUxGi https://movie.douban.com/subject/26628357/ https://www.imdb.com/title/tt4080728/ https://www.themoviedb.org/movie/348678 https://www.wikidata.org/wiki/Q21935502,2021-08-17T16:00:00+00:00,wishlist,,,
我是山姆,imdb:tt0277027 year:2001 director:杰茜·尼尔森,https://neodb.social/movie/7lUQ4XvJWrthqxy2stxclP https://www.imdb.com/title/tt0277027/ https://eggplant.place/movie/3FimXiOcsTEX7v7fyNiq4I https://www.themoviedb.org/movie/10950 https://www.wikidata.org/wiki/Q640387 https://movie.douban.com/subject/1306861/,2021-08-17T16:00:00+00:00,wishlist,,,
头号玩家,imdb:tt1677720 year:2018 director:/person/10ykAZDpQpdWGZ3vr1O2sO,https://neodb.social/movie/1OaWCbcMzYAp15438lDbjh https://www.imdb.com/title/tt1677720/ https://minreol.dk/movie/6JImvHAcYmabYc6VyO6as2 https://eggplant.place/movie/4kaF9Vj6H2BaTDUj7ygmGn https://movie.douban.com/subject/4920389/ https://neodb.kevga.de/movie/1sOLexrDH1ZFlOt48rOr05 https://www.themoviedb.org/movie/333339 https://www.wikidata.org/wiki/Q22000542 https://bgm.tv/subject/231993 https://bridge.neodb.net/catalog/movie/imdbId-tt1677720,2021-08-17T16:00:00+00:00,wishlist,,,
流浪地球,imdb:tt7605074 year:2019 director:/person/0a4Wwj8myJGbnnabb0koAG,https://neodb.social/movie/6FpTOxsFDSGT97gAIudALr https://www.imdb.com/title/tt7605074/ https://movie.douban.com/subject/26266893/ https://www.themoviedb.org/movie/535167 https://bgm.tv/subject/274128 https://www.wikidata.org/wiki/Q57966215,2021-08-17T16:00:00+00:00,complete,,,
疯狂动物城,imdb:tt2948356 year:2016 director:拜伦·霍华德/瑞奇·摩尔/杰拉德·布什,https://neodb.social/movie/0WgEM5OyiAV60XZsrDyjYd https://www.imdb.com/title/tt2948356/ https://www.themoviedb.org/movie/269149 https://eggplant.place/movie/1Spyw6ihcQxuYalFJFEBW1 https://minreol.dk/movie/5Dl52X93VGto1y7SUP1V4J https://movie.douban.com/subject/25662329/ https://bgm.tv/subject/133860 https://bridge.neodb.net/catalog/movie/imdbId-tt2948356 https://www.wikidata.org/wiki/Q15270647,2021-08-17T16:00:00+00:00,complete,8,,
怦然心动,imdb:tt0817177 year:2010 director:罗伯·莱纳,https://neodb.social/movie/78hXBnbUuPhcRn1igYZF6F https://movie.douban.com/subject/3319755/ https://eggplant.place/movie/3nKGrblQ2CVtCOGGl38I0J https://www.imdb.com/title/tt0817177/ https://www.themoviedb.org/movie/43949 https://www.wikidata.org/wiki/Q1343478,2021-08-17T16:00:00+00:00,complete,,,
寻梦环游记,imdb:tt2380307 year:2017 director:/person/02wZbNdDfli2u8PN0WXROi//person/7REeJLoS302FoSEtPTfvXL,https://neodb.social/movie/3V4pKFHRBYvdsH1HSoe5m3 https://www.imdb.com/title/tt2380307/ https://movie.douban.com/subject/20495023/ https://watch.socialyeti.club/movie/3iFokNLnjH9OEcS1zAWceG https://minreol.dk/movie/1PcvQ2iasHvAnizh3COQOW https://bgm.tv/subject/209925 https://www.themoviedb.org/movie/354912 https://bridge.neodb.net/catalog/movie/imdbId-tt2380307 https://www.wikidata.org/wiki/Q5815826,2021-08-17T16:00:00+00:00,complete,,,
摔跤吧！爸爸,imdb:tt5074352 year:2016 director:涅提·蒂瓦里,https://neodb.social/movie/7YokK8HuhFi8EwCtl7lGM5 https://eggplant.place/movie/6IApLgC7PB98SQE3aNdTHM https://movie.douban.com/subject/26387939/ https://www.themoviedb.org/movie/360814 https://minreol.dk/movie/1WWDpHtcc6zJyYugT0VaXe https://bridge.neodb.net/catalog/movie/imdbId-tt5074352 https://www.wikidata.org/wiki/Q20762668 https://www.imdb.com/title/tt5074352/,2021-08-17T16:00:00+00:00,complete,,,
你的名字。,imdb:tt5311514 year:2016 director:/person/389Zo9NZuJjSZT7koGKFcF,https://neodb.social/movie/0c0WkLq3zobatTWPrKagFP https://www.imdb.com/title/tt5311514/ https://movie.douban.com/subject/26683290/ https://minreol.dk/movie/0vu3Yfp2xFfY4wlS0PdYT4 https://eggplant.place/movie/0qhkQUJqJRmBqOIItGXFR1 https://bgm.tv/subject/160209 https://www.wikidata.org/wiki/Q21697406 https://bridge.neodb.net/catalog/movie/imdbId-tt5311514 https://www.themoviedb.org/movie/372058,2021-08-17T16:00:00+00:00,complete,,,
放牛班的春天,imdb:tt0372824 year:2004 director:/person/1excQEmG6aT2j3jrkWgfkC,https://neodb.social/movie/6fL5ox33A5OoM1OdUarTqn https://www.imdb.com/title/tt0372824/ https://movie.douban.com/subject/1291549/ https://www.wikidata.org/wiki/Q721158 https://www.themoviedb.org/movie/5528 https://bridge.neodb.net/catalog/movie/imdbId-tt0372824,2021-08-17T16:00:00+00:00,complete,,,
大话西游之月光宝盒,imdb:tt0112778 year:1995 director:刘镇伟,https://neodb.social/movie/7I0X1RnNmIc8PEOnGsjJ5G https://movie.douban.com/subject/1299398/ https://www.imdb.com/title/tt0112778/ https://www.themoviedb.org/movie/13345 https://bgm.tv/subject/383125 https://www.wikidata.org/wiki/Q868483,2021-08-17T16:00:00+00:00,complete,,,
西虹市首富,imdb:tt8529186 year:2018 director:闫非/彭大魔,https://neodb.social/movie/0q3PQhCOfJbmp4yY5qoL31 https://www.imdb.com/title/tt8529186/ https://movie.douban.com/subject/27605698/ https://www.themoviedb.org/movie/538331 https://www.wikidata.org/wiki/Q56042875,2021-08-17T16:00:00+00:00,complete,,,
蝙蝠侠：黑暗骑士,imdb:tt0468569 year:2008 director:/person/3PpyzImkStfrJ35JV9FE5Y,https://neodb.social/movie/41bYRpQkGrnC1kRYyL4BmS https://www.themoviedb.org/movie/155 https://eggplant.place/movie/4p56mfI7NafufMP6cu5JYy https://minreol.dk/movie/4gddyYsR4wvM1do255FNO7 https://neodb.deadvey.com/movie/2hD7tckBrKPWejGIsWvV8U https://www.imdb.com/title/tt0468569/ https://bgm.tv/subject/25461 https://bridge.neodb.net/catalog/movie/imdbId-tt0468569 https://movie.douban.com/subject/1851857/ https://www.wikidata.org/wiki/Q163872,2021-08-17T16:00:00+00:00,complete,,,
心灵奇旅,imdb:tt2948372 year:2020 director:彼特·道格特/凯普·鲍尔斯,https://neodb.social/movie/2bpb2kiVZvX9xUcTQPmPij https://movie.douban.com/subject/24733428/ https://www.imdb.com/title/tt2948372/ https://www.themoviedb.org/movie/508442 https://bridge.neodb.net/catalog/movie/imdbId-tt2948372 https://www.wikidata.org/wiki/Q64744044,2021-08-17T16:00:00+00:00,complete,10,,
哈利·波特与魔法石,imdb:tt0241527 year:2001 director:/person/05Ra8kovcARE6m8IAFGdH1,https://neodb.social/movie/7XDaPG0mH3MdEgmoFs4SRh https://www.themoviedb.org/movie/671 https://movie.douban.com/subject/1295038/ https://www.imdb.com/title/tt0241527/ https://minreol.dk/movie/33ph1kIBRPOxNVmS9tbyZR https://www.wikidata.org/wiki/Q102438 https://bridge.neodb.net/catalog/movie/imdbId-tt0241527 https://bgm.tv/subject/60122,2021-08-17T16:00:00+00:00,complete,8,电影与原书相比还是原书更能吸引我,
大话西游之大圣娶亲,imdb:tt0114996 year:1995 director:刘镇伟,https://neodb.social/movie/70XFNgP9EiqlvREPNVbT7O https://www.imdb.com/title/tt0114996/ https://movie.douban.com/subject/1292213/ https://bgm.tv/subject/383126 https://www.themoviedb.org/movie/21835 https://www.wikidata.org/wiki/Q3278995,2021-08-17T16:00:00+00:00,complete,8,,
狮子王,imdb:tt0110357 year:1994 director:/person/1GsQfC4M1vAOVsW4OfC043//person/5SC3V8OSHTDEkTkzGvdojv,https://neodb.social/movie/3SohF1ozWD2KgLfHbMYBSK https://www.themoviedb.org/movie/8587 https://www.imdb.com/title/tt0110357/ https://movie.douban.com/subject/1301753/ https://minreol.dk/movie/0G1RLIhgoaSyGY0w2Oq2AZ https://bgm.tv/subject/22985 https://bridge.neodb.net/catalog/movie/imdbId-tt0110357 https://www.wikidata.org/wiki/Q36479,2021-08-17T16:00:00+00:00,complete,,,
美食总动员,imdb:tt0382932 year:2007 director:/person/3KXddhNJrKx5eZ7UJoIYSJ//person/4aUBgnwaStDl5ibJm15fTN,https://neodb.social/movie/3LMDlofw61HXQDdJitCAVr https://movie.douban.com/subject/1793491/ https://www.imdb.com/title/tt0382932/ https://www.themoviedb.org/movie/2062 https://minreol.dk/movie/6VXnI26gkOuPJjzkg9o2Yv https://watch.socialyeti.club/movie/4eLRBPTjija6bsX6hiBIt5 https://bridge.neodb.net/catalog/movie/imdbId-tt0382932 https://www.wikidata.org/wiki/Q170035,2021-08-20T16:00:00+00:00,complete,8,,
言叶之庭,imdb:tt2591814 year:2013 director:/person/389Zo9NZuJjSZT7koGKFcF,https://neodb.social/movie/5A5D6rCYElhlCIwKsvrMax https://minreol.dk/movie/3PK1fFTcCYNya6xnWqJclC https://bgm.tv/subject/58949 https://movie.douban.com/subject/20470074/ https://www.imdb.com/title/tt2591814/ https://www.themoviedb.org/movie/198375 https://www.wikidata.org/wiki/Q6434185 https://bridge.neodb.net/catalog/movie/imdbId-tt2591814,2021-08-21T16:00:00+00:00,complete,8,,
美丽心灵,imdb:tt0268978 year:2001 director:/person/7E27dmv1z5B0CYlaNE0CoC,https://neodb.social/movie/0V0VzmD5ztLkfq9SbYxYnh https://www.themoviedb.org/movie/453 https://eggplant.place/movie/5apC5jP0idNAaQrtEPcobY https://movie.douban.com/subject/1306029/ https://www.imdb.com/title/tt0268978/ https://bridge.neodb.net/catalog/movie/imdbId-tt0268978 https://www.wikidata.org/wiki/Q164103,2021-08-26T16:00:00+00:00,wishlist,,,
境界的彼方 剧场版 未来篇,imdb:tt4539114 year:2015 director:石立太一,https://neodb.social/movie/1Q3ZY6pi92thyDEElsSyLP https://movie.douban.com/subject/26273481/ https://www.imdb.com/title/tt4539114/ https://www.wikidata.org/wiki/Q117304969 https://www.themoviedb.org/movie/333622,2021-08-26T16:00:00+00:00,complete,8,,
紫罗兰永恒花园 Extra Episode,imdb:tt8802732 year:2018 director:石立太一,https://neodb.social/movie/7Flkq5yxSsHiIuiCdeHxNl https://movie.douban.com/subject/30221777/,2021-08-26T16:00:00+00:00,wishlist,,,
紫罗兰永恒花园 外传 - 永远与自动手记人偶 -,imdb:tt10477558 year:2019 director:藤田春香,https://neodb.social/movie/47yceHCBISB5TKAysSeEiJ https://movie.douban.com/subject/33424345/ https://www.imdb.com/title/tt10477558/ https://www.themoviedb.org/movie/610892 https://www.wikidata.org/wiki/Q73896191 https://bgm.tv/subject/242216,2021-08-26T16:00:00+00:00,wishlist,,,
紫罗兰永恒花园 剧场版,imdb:tt8652818 year:2020 director:石立太一,https://neodb.social/movie/2XmTqN3sZaiQCTDU8u9vm2 https://movie.douban.com/subject/30179560/ https://neodb.kevga.de/movie/0Ja5kDzXSd44y67XOEvBRs https://www.imdb.com/title/tt8652818/ https://www.themoviedb.org/movie/533514,2021-08-26T16:00:00+00:00,wishlist,,,
朝花夕誓,imdb:tt7339826 year:2018 director:冈田麿里/筱原俊哉,https://neodb.social/movie/22WSvPydbv3BvW0L2QL0Z6 https://www.themoviedb.org/movie/476292 https://movie.douban.com/subject/27083561/ https://bgm.tv/subject/218971 https://www.imdb.com/title/tt7339826/ https://www.wikidata.org/wiki/Q35236709,2021-08-26T16:00:00+00:00,wishlist,,,
若能与你共乘海浪之上,imdb:tt9193612 year:2019 director:汤浅政明,https://neodb.social/movie/1E4ADP8Io3A2jgY3QJwOD4 https://movie.douban.com/subject/30345226/ https://www.themoviedb.org/movie/530079 https://www.imdb.com/title/tt9193612/ https://www.wikidata.org/wiki/Q62129109 https://bgm.tv/subject/265372,2021-08-26T16:00:00+00:00,wishlist,,,
想哭的我戴上了猫的面具,imdb:tt11958344 year:2020 director:佐藤顺一/柴山智隆,https://neodb.social/movie/4lXVMRSuAPv4FdbvC7kpDB https://www.imdb.com/title/tt11958344/ https://movie.douban.com/subject/34964061/ https://www.themoviedb.org/movie/667520 https://www.wikidata.org/wiki/Q85881910,2021-08-26T16:00:00+00:00,wishlist,,,
乔西的虎与鱼,imdb:tt12879624 year:2020 director:/person/2uPo3SsMnfbvDr19hYtYUk,https://neodb.social/movie/6fKoBruMUYtAfHLYQXs9Ri https://movie.douban.com/subject/34905764/ https://www.wikidata.org/wiki/Q106452140 https://www.imdb.com/title/tt12879624/ https://bgm.tv/subject/295778 https://www.themoviedb.org/movie/652837 https://bridge.neodb.net/catalog/movie/imdbId-tt12879624,2021-08-26T16:00:00+00:00,wishlist,,,
你好世界,imdb:tt9418812 year:2019 director:伊藤智彦,https://neodb.social/movie/3jorZUL9nGP2jfjqsetQpg https://movie.douban.com/subject/30401194/ https://www.imdb.com/title/tt9418812/ https://www.themoviedb.org/movie/604605 https://www.wikidata.org/wiki/Q63104664,2021-08-26T16:00:00+00:00,wishlist,,,
闪光少女,imdb:tt7013194 year:2017 director:王冉,https://neodb.social/movie/1AUhxtaIeh0O11EW84r58T https://www.wikidata.org/wiki/Q47495133 https://www.imdb.com/title/tt7013194/ https://movie.douban.com/subject/26790961/ https://www.themoviedb.org/movie/477306,2021-08-26T16:00:00+00:00,wishlist,,,
珠峰清道夫,imdb:tt1999130 year:2018 director:玛丽娜·马丁斯,https://neodb.social/movie/5GQ05rhAd3FbRUJEqOTH0F https://movie.douban.com/subject/30167539/ https://www.imdb.com/title/tt1999130/ https://www.wikidata.org/wiki/Q24659691,2021-08-26T16:00:00+00:00,wishlist,,,
魔女宅急便,imdb:tt0097814 year:1989 director:/person/6JUa76AyCrik7CG9YiSjas,https://neodb.social/movie/0uOyPhvIS5IWaLz2VmQYma https://www.imdb.com/title/tt0097814/ https://movie.douban.com/subject/1307811/ https://fantastika.social/movie/23l2ktDcDqH9bgwM1CsPju https://www.themoviedb.org/movie/16859 https://minreol.dk/movie/2QRz2wIKXh5f6kBnkhq2M7 https://bgm.tv/subject/305 https://www.wikidata.org/wiki/Q196602 https://bridge.neodb.net/catalog/movie/imdbId-tt0097814,2021-08-26T16:00:00+00:00,wishlist,,,
调音师,imdb:tt8108198 year:2018 director:斯里兰姆·拉格万,https://neodb.social/movie/6OzqObwA6XUrCx0ISDalRJ https://movie.douban.com/subject/30334073/ https://www.themoviedb.org/movie/534780 https://www.wikidata.org/wiki/Q44612834 https://www.imdb.com/title/tt8108198/,2021-08-26T16:00:00+00:00,wishlist,,,
罗小黑战记,imdb:tt10734928 year:2019 director:/person/4Df6TYFWH6UvHceCFg8bet,https://neodb.social/movie/0DamGvp69SwyGrylQbjZFR https://www.imdb.com/title/tt10734928/ https://bgm.tv/subject/159725 https://www.themoviedb.org/movie/620249 https://movie.douban.com/subject/26709258/ https://bridge.neodb.net/catalog/movie/imdbId-tt10734928 https://www.wikidata.org/wiki/Q67124023,2021-08-26T16:00:00+00:00,wishlist,,,
请以你的名字呼唤我,imdb:tt5726616 year:2017 director:/person/10jprUVymck4Nt1a0mTVPd,https://neodb.social/movie/6KSLhqVMZY9sEHMnTwtZVf https://www.imdb.com/title/tt5726616/ https://www.themoviedb.org/movie/398818 https://bridge.neodb.net/catalog/movie/imdbId-tt5726616 https://www.wikidata.org/wiki/Q25136757 https://movie.douban.com/subject/26799731/,2021-08-26T16:00:00+00:00,wishlist,,,
我们仍未知道那天所看见的花的名字 剧场版,imdb:tt2323836 year:2013 director:长井龙雪,https://neodb.social/movie/3UmUT0tdrtFxvXy2p0jcRC https://movie.douban.com/subject/11584024/,2021-08-26T16:00:00+00:00,wishlist,,,
侧耳倾听,imdb:tt0113824 year:1995 director:/person/31lPQCZE2nsDSLBCdwBWOc,https://neodb.social/movie/3t2X3K2gL3ryF84lFQE0u4 https://bgm.tv/subject/500 https://eggplant.place/movie/2je32snurRd73ZAxhHz4UM https://movie.douban.com/subject/1297052/ https://www.imdb.com/title/tt0113824/ https://www.themoviedb.org/movie/37797 https://bridge.neodb.net/catalog/movie/imdbId-tt0113824 https://www.wikidata.org/wiki/Q842292,2021-08-26T16:00:00+00:00,wishlist,,,
死亡诗社,imdb:tt0097165 year:1989 director:/person/3T743mG1ZnZvyh8keMGg3o,https://neodb.social/movie/1jqjpq1Zl7nTAR7jaTACqC https://bridge.neodb.net/catalog/movie/imdbId-tt0097165 https://eggplant.place/movie/7mAqfflmm3OHZHt5k5bdhE https://www.imdb.com/title/tt0097165/ https://movie.douban.com/subject/1291548/ https://minreol.dk/movie/672FKUNuDv1TraDiQsDWPZ https://www.themoviedb.org/movie/207 https://www.wikidata.org/wiki/Q106316,2021-08-26T16:00:00+00:00,wishlist,,,
企鹅公路,imdb:tt8076344 year:2018 director:石田祐康,https://neodb.social/movie/2PntcoRg9l3chgT3oH6GxI https://movie.douban.com/subject/30158971/ https://www.wikidata.org/wiki/Q59488276 https://www.imdb.com/title/tt8076344/ https://bgm.tv/subject/239270 https://www.themoviedb.org/movie/508422,2021-08-26T16:00:00+00:00,wishlist,,,
不了神话 宫崎骏,imdb:tt6848624 year:2016 director:荒川格,https://neodb.social/movie/631EKupVx4HPnqYVUTjfca https://movie.douban.com/subject/26914034/ https://www.imdb.com/title/tt6848624/ https://www.themoviedb.org/movie/459414 https://www.wikidata.org/wiki/Q42859983,2021-08-26T16:00:00+00:00,wishlist,,,
萤火之森,imdb:tt2061702 year:2011 director:/person/12csiFmYfTbmuY2XONVrDS,https://neodb.social/movie/28euCmRkW8hPdwi5c0WZWV https://www.imdb.com/title/tt2061702/ https://bgm.tv/subject/12544 https://www.themoviedb.org/movie/92321 https://www.wikidata.org/wiki/Q89913709 https://bridge.neodb.net/catalog/movie/imdbId-tt2061702 https://movie.douban.com/subject/5989818/,2021-08-26T16:00:00+00:00,wishlist,,,
昨日青空,imdb:tt8161726 year:2018 director:奚超,https://neodb.social/movie/2adir8obv05uu58h3iR9JY https://www.themoviedb.org/movie/512788 https://www.wikidata.org/wiki/Q55694112 https://www.imdb.com/title/tt8161726/ https://movie.douban.com/subject/26290410/,2021-08-26T16:00:00+00:00,complete,6,三星鼓励一下吧…,
青春猪头少年不会梦到怀梦美少女,imdb:tt10472884 year:2019 director:增井壮一,https://neodb.social/movie/0JHvwat1NQ2yPskcpaWD9G https://www.imdb.com/title/tt10472884/ https://bgm.tv/subject/260680 https://eggplant.place/movie/1iblL7UqIzrhUUhPXdApSm https://www.wikidata.org/wiki/Q66788914 https://www.imdb.com/title/tt9881586/ https://www.themoviedb.org/movie/572154 https://movie.douban.com/subject/30329902/,2021-08-26T16:00:00+00:00,complete,10,,
烟花,imdb:tt6317962 year:2017 director:新房昭之/武内宣之,https://neodb.social/movie/5zfBQdxe52Ruq5XQB4XcLC https://movie.douban.com/subject/26930504/ https://www.wikidata.org/wiki/Q30601864 https://www.imdb.com/title/tt6317962/ https://www.themoviedb.org/movie/431819,2021-08-26T16:00:00+00:00,complete,4,冲歌 加一星,
我想吃掉你的胰脏,imdb:tt7236034 year:2018 director:牛岛新一郎,https://neodb.social/movie/3IQmTFFa0x5116fDRInyY2 https://bgm.tv/subject/221736 https://movie.douban.com/subject/27107140/ https://www.themoviedb.org/movie/504253 https://www.imdb.com/title/tt7236034/ https://www.wikidata.org/wiki/Q56421709,2021-08-26T16:00:00+00:00,complete,,,
哪吒之魔童降世,imdb:tt10627720 year:2019 director:/person/590QIY8enAskvg8AQZ6WLV,https://neodb.social/movie/00mRnUS4JukAU8091gvE1H https://bgm.tv/subject/231261 https://www.imdb.com/title/tt10627720/ https://fun.oois.xyz/movie/27d4pgYyNpQTbyBX3ZrKWc https://eggplant.place/movie/6MR4MuSqC5D9z70xOWOIGF https://www.themoviedb.org/movie/615453 https://movie.douban.com/subject/26794435/ https://bridge.neodb.net/catalog/movie/imdbId-tt10627720 https://www.wikidata.org/wiki/Q65972529,2021-08-26T16:00:00+00:00,complete,6,,
帕丁顿熊2,imdb:tt4468740 year:2017 director:/person/0PrH6w6W9RDlMq0rGZOZJE,https://neodb.social/movie/5gIyRcPU8vDbyw1sQeRs4Z https://movie.douban.com/subject/26340419/ https://www.imdb.com/title/tt4468740/ https://www.themoviedb.org/movie/346648 https://bgm.tv/subject/215957 https://town.darkwitch.net/movie/0hesZ1We5jbJU6wndtPm9x https://www.wikidata.org/wiki/Q27590871 https://bridge.neodb.net/catalog/movie/imdbId-tt4468740,2021-08-26T16:00:00+00:00,complete,,,
夏目友人帐：结缘空蝉,imdb:tt9081300 year:2018 director:大森贵弘/伊藤秀树,https://neodb.social/movie/2UJhthFDB9Igi76nQG1XUC https://www.wikidata.org/wiki/Q55080189 https://bgm.tv/subject/227392 https://movie.douban.com/subject/27166442/ https://www.themoviedb.org/movie/507411 https://www.imdb.com/title/tt9081300/,2021-08-26T16:00:00+00:00,complete,,,
声之形,imdb:tt5323662 year:2016 director:/person/7jFhvIksKErnQTu4r97qDd,https://neodb.social/movie/4Z8i1iyhJFzuFxsYM3whzj https://eggplant.place/movie/3W3bSguZgtJ4TarwoYzRPP https://movie.douban.com/subject/26264454/ https://bgm.tv/subject/117777 https://www.themoviedb.org/movie/378064 https://www.wikidata.org/wiki/Q23925035 https://www.imdb.com/title/tt5323662/ https://bridge.neodb.net/catalog/movie/imdbId-tt5323662,2021-08-26T16:00:00+00:00,complete,,,
勇敢的心,imdb:tt0112573 year:1995 director:/person/6ZJN23pR2Kb2UPy4ezixNk,https://neodb.social/movie/0aGSBoXRjlhchJ39O7cAY2 https://movie.douban.com/subject/1294639/ https://www.themoviedb.org/movie/197 https://www.imdb.com/title/tt0112573/ https://minreol.dk/movie/0rj90qQebctb5kSrNjfylw https://bridge.neodb.net/catalog/movie/imdbId-tt0112573 https://www.wikidata.org/wiki/Q162729,2021-08-29T16:00:00+00:00,wishlist,,,
毒液：致命守护者,imdb:tt1270797 year:2018 director:/person/6G5ur8ieDE8HYHoBiLTNZj,https://neodb.social/movie/5DcLlWAneTa5TrQKKa3eG2 https://www.themoviedb.org/movie/335983 https://movie.douban.com/subject/3168101/ https://minreol.dk/movie/6eV6XSFpDor6GL6RxFwj4E https://eggplant.place/movie/5iUkDNGsVJj7um4MhkY57I https://bgm.tv/subject/244049 https://www.imdb.com/title/tt1270797/ https://bridge.neodb.net/catalog/movie/imdbId-tt1270797 https://www.wikidata.org/wiki/Q23006268,2021-11-29T16:00:00+00:00,complete,8,,
长津湖,imdb:tt13462900 year:2021 director:陈凯歌/徐克/林超贤,https://neodb.social/movie/1BcyoGPxN7nvquNDbgJuHA https://movie.douban.com/subject/25845392/ https://www.themoviedb.org/movie/779029 https://www.wikidata.org/wiki/Q107273994 https://www.imdb.com/title/tt13462900/,2021-12-04T16:00:00+00:00,complete,6,学校组织，三节晚自习,
红辣椒,imdb:tt0851578 year:2006 director:/person/2HE5UgVFHm1QnPsZEUbHFJ,https://neodb.social/movie/5H6juMbvxc5k18eMRCqheU https://movie.douban.com/subject/1865703/ https://bridge.neodb.net/catalog/movie/imdbId-tt0851578 https://www.imdb.com/title/tt0851578/ https://bgm.tv/subject/841 https://www.themoviedb.org/movie/4977 https://www.wikidata.org/wiki/Q578595,2021-12-22T16:00:00+00:00,wishlist,,,
你好，李焕英,imdb:tt13364790 year:2021 director:贾玲,https://neodb.social/movie/4uYHvMrXEFGcX8koF4raMS https://www.imdb.com/title/tt13364790/ https://movie.douban.com/subject/34841067/ https://www.themoviedb.org/movie/758891 https://www.wikidata.org/wiki/Q105221616,2021-12-22T16:00:00+00:00,wishlist,,,
花火,imdb:tt0119250 year:1997 director:北野武,https://neodb.social/movie/6iCnTm6pxwhRDUwY1NHapj https://www.imdb.com/title/tt0119250/ https://movie.douban.com/subject/1302642/ https://www.themoviedb.org/movie/5910 https://www.wikidata.org/wiki/Q1125897,2021-12-22T16:00:00+00:00,wishlist,,,
映画大师宫崎骏 创作的秘密,year:2007,https://neodb.social/movie/7TDOpru58y304MIE0ezVCv https://movie.douban.com/subject/4241946/,2021-12-22T16:00:00+00:00,wishlist,,,
雄狮少年,imdb:tt16345484 year:2021 director:孙海鹏,https://neodb.social/movie/1PuzXvCdcayhObXGvLF7gL https://www.wikidata.org/wiki/Q110813337 https://bgm.tv/subject/338424 https://movie.douban.com/subject/35144311/ https://www.imdb.com/title/tt16345484/ https://www.themoviedb.org/movie/839803,2021-12-22T16:00:00+00:00,wishlist,,,
阿基里斯与龟,imdb:tt1217243 year:2008 director:北野武,https://neodb.social/movie/0aFVZ9RUH7nP8QYbrt5yXc https://movie.douban.com/subject/3039187/ https://www.wikidata.org/wiki/Q340300 https://www.imdb.com/title/tt1217243/ https://www.themoviedb.org/movie/12166,2021-12-22T16:00:00+00:00,wishlist,,,
你的名字,imdb:tt7456298 year:2023,https://neodb.social/movie/1HKKlH4It0CmaB0WQR5hbh https://movie.douban.com/subject/27156522/,2021-12-30T16:00:00+00:00,wishlist,,笑死,
送你一朵小红花,imdb:tt12497408 year:2020 director:韩延,https://neodb.social/movie/7EaFlMcwk2drpvkdb1oWFA https://movie.douban.com/subject/35096844/ https://www.wikidata.org/wiki/Q104532857 https://www.imdb.com/title/tt12497408/ https://www.themoviedb.org/movie/716815,2022-02-03T16:00:00+00:00,wishlist,,,
孔子,imdb:tt1397498 year:2010 director:胡玫,https://neodb.social/movie/2AhPXx5aklxBDvaaISObKP https://www.imdb.com/title/tt1397498/ https://movie.douban.com/subject/3606975/ https://www.themoviedb.org/movie/34182 https://www.wikidata.org/wiki/Q868745,2022-02-12T16:00:00+00:00,complete,6,刘峰老贼,
缝纫机乐队,imdb:tt7339584 year:2017 director:大鹏,https://neodb.social/movie/50MpKxX2cGuze2MEt3AuyM https://www.wikidata.org/wiki/Q48903435 https://www.imdb.com/title/tt7339584/ https://movie.douban.com/subject/26926321/ https://www.themoviedb.org/movie/479794,2022-02-12T16:00:00+00:00,complete,6,,
世界上最糟糕的人,imdb:tt10370710 year:2021 director:/person/1cMdoAoz0YHqp7ZkJe6rlS,https://neodb.social/movie/0KJXHHgYiH0CujAGGQ1m1M https://www.imdb.com/title/tt10370710/ https://movie.douban.com/subject/34447553/ https://www.themoviedb.org/movie/660120 https://bridge.neodb.net/catalog/movie/imdbId-tt10370710 https://www.wikidata.org/wiki/Q107089587,2022-02-14T16:00:00+00:00,wishlist,,,
美丽人生,imdb:tt0118799 year:1997 director:罗伯托·贝尼尼,https://neodb.social/movie/5rMGwfiJkuMTmkLEID5uYh https://movie.douban.com/subject/1292063/ https://www.imdb.com/title/tt0118799/ https://www.themoviedb.org/movie/637 https://minreol.dk/movie/61FE9G6gxN74HFI7UVReL6 https://www.wikidata.org/wiki/Q19355,2022-02-18T16:00:00+00:00,complete,10,全班一起看的，感谢历史老师（虽然被同学给剧透光了,
百万英镑,imdb:tt0046072 year:1954 director:罗纳德·尼姆,https://neodb.social/movie/27MVbLkD7Rj0kaeK5NNAC3 https://movie.douban.com/subject/1304374/ https://www.imdb.com/title/tt0046072/ https://www.themoviedb.org/movie/34000 https://www.wikidata.org/wiki/Q490300,2022-07-02T16:00:00+00:00,complete,8,英语课,
惊天魔盗团2,imdb:tt3110958 year:2016 director:/person/7SJY4Z2FVup5U5YxFbXb27,https://neodb.social/movie/7aXtqaA4yxXqyQa8WQqvUG https://movie.douban.com/subject/25662337/ https://www.imdb.com/title/tt3110958/ https://www.themoviedb.org/movie/291805 https://bridge.neodb.net/catalog/movie/imdbId-tt3110958 https://www.wikidata.org/wiki/Q18703028,2022-07-24T16:00:00+00:00,complete,6,"还不错
集训放的，感谢castle",
大鱼海棠,imdb:tt1920885 year:2016 director:梁旋/张春,https://neodb.social/movie/0G0lGYudHWXsLflicUIaKK https://movie.douban.com/subject/5045678/ https://bgm.tv/subject/14830 https://www.imdb.com/title/tt1920885/ https://www.themoviedb.org/movie/271706 https://www.wikidata.org/wiki/Q10938623,2022-07-29T16:00:00+00:00,complete,8,"7月30日和妹妹一起看完
湫这个人物真的一言难尽",
盗梦空间,imdb:tt1375666 year:2010 director:/person/3PpyzImkStfrJ35JV9FE5Y,https://neodb.social/movie/0OsXZTIt1UOOveQi3UXBil https://movie.douban.com/subject/3541415/ https://www.themoviedb.org/movie/27205 https://eggplant.place/movie/3PBlrkAx1R59MibJo0LpHR https://minreol.dk/movie/4s3AHbDpKnUFxIbFh7jHa0 https://www.imdb.com/title/tt1375666/ https://bridge.neodb.net/catalog/movie/imdbId-tt1375666 https://www.wikidata.org/wiki/Q25188,2022-08-08T16:00:00+00:00,complete,10,"之前在家和妹妹看了一半，在castle这里看完了
好喜欢女主的颜",
心灵想要大声呼喊,imdb:tt4489416 year:2015 director:/person/1KVL5jABSeZZkXJY2musYh,https://neodb.social/movie/2BAZKDoUzFFq5I5Pjk5ZNG https://movie.douban.com/subject/25975249/ https://bgm.tv/subject/119344 https://www.imdb.com/title/tt4489416/ https://www.themoviedb.org/movie/364111 https://www.wikidata.org/wiki/Q19263748,2022-08-16T16:00:00+00:00,wishlist,,,
入殓师,imdb:tt1069238 year:2008 director:/person/5glKnH7kBeuQ2QYLyYQFwG,https://neodb.social/movie/2G4L7gQHoNsr2ebKb1BhXC https://www.themoviedb.org/movie/16804 https://www.imdb.com/title/tt1069238/ https://www.wikidata.org/wiki/Q1044598 https://movie.douban.com/subject/2149806/ https://bgm.tv/subject/25368,2022-08-26T16:00:00+00:00,wishlist,,,
让子弹飞,imdb:tt1533117 year:2010 director:姜文,https://neodb.social/movie/3W1p0hQhFGBgOYN4o0E3cT https://movie.douban.com/subject/3742360/ https://www.themoviedb.org/movie/51533 https://www.imdb.com/title/tt1533117/ https://www.wikidata.org/wiki/Q2633399,2022-08-29T16:00:00+00:00,wishlist,,,
飞屋环游记,imdb:tt1049413 year:2009 director:彼特·道格特//person/6uxGduXBQ0TFRs9cmEEYUw,https://neodb.social/movie/5OUR2KsP8z4YqXfPvxG9Y4 https://movie.douban.com/subject/2129039/ https://www.themoviedb.org/movie/14160 https://minreol.dk/movie/5f5WYAUaDukqHYVp1dQt14 https://bgm.tv/subject/11602 https://www.imdb.com/title/tt1049413/ https://bridge.neodb.net/catalog/movie/imdbId-tt1049413 https://www.wikidata.org/wiki/Q174811,2022-08-29T16:00:00+00:00,wishlist,,,
隐入尘烟,imdb:tt17097088 year:2022 director:李睿珺,https://neodb.social/movie/2Jrc8FPK6jUBS5NRDWwZtV https://movie.douban.com/subject/35131346/ https://www.themoviedb.org/movie/928720 https://www.wikidata.org/wiki/Q110655548 https://www.imdb.com/title/tt17097088/,2022-08-29T16:00:00+00:00,wishlist,,,
花束般的恋爱,imdb:tt11219254 year:2021 director:土井裕泰,https://neodb.social/movie/3NsQG93ZdXjJxpJb6odN0o https://bgm.tv/subject/328957 https://movie.douban.com/subject/34874432/ https://www.imdb.com/title/tt11219254/ https://www.themoviedb.org/movie/695932 https://www.wikidata.org/wiki/Q85883356,2022-09-04T16:00:00+00:00,wishlist,,,
焦裕禄,imdb:tt0470385 year:1990 director:王冀邢,https://neodb.social/movie/5GSE05lhEAWdaQ14bg4Wyp https://www.themoviedb.org/movie/284560 https://movie.douban.com/subject/1439400/ https://www.imdb.com/title/tt0470385/ https://www.wikidata.org/wiki/Q21646552,2022-10-12T16:00:00+00:00,complete,8,"谢谢宝宝。
承认看的时候一直在分神",
大卫·科波菲尔,imdb:tt0238768 year:2000 director:彼得·梅达克,https://neodb.social/movie/3JnHB0yaMtrOh1c2myeNNW https://movie.douban.com/subject/2046293/ https://www.themoviedb.org/movie/141640 https://www.wikidata.org/wiki/Q5232563 https://www.imdb.com/title/tt0238768/,2022-10-14T16:00:00+00:00,complete,6,"谢谢宝宝。
看的不怎么认真",
千年女优,imdb:tt0291350 year:2001 director:/person/2HE5UgVFHm1QnPsZEUbHFJ,https://neodb.social/movie/6jvwnE7AseHXcADIrrqbQi https://www.themoviedb.org/movie/33320 https://movie.douban.com/subject/1307394/ https://www.imdb.com/title/tt0291350/ https://bgm.tv/subject/840 https://eggplant.place/movie/2cXRpyOkbET7gzq6LWJHKe https://www.wikidata.org/wiki/Q939736 https://bridge.neodb.net/catalog/movie/imdbId-tt0291350,2022-12-26T16:00:00+00:00,wishlist,,,
肖申克的救赎,imdb:tt0111161 year:1994 director:/person/6cxwqKRLOafmlVzqtvqeEC,https://neodb.social/movie/6SAqdyMEu3kGepBN0mHZAr https://www.imdb.com/title/tt0111161/ https://movie.douban.com/subject/1292052/ https://minreol.dk/movie/16NodfkVE5fjURwZULHKSa https://eggplant.place/movie/2chZtMWVGLJVgf9xg9sVYE https://www.themoviedb.org/movie/278 https://www.wikidata.org/wiki/Q172241 https://bridge.neodb.net/catalog/movie/imdbId-tt0111161,2023-02-26T16:00:00+00:00,wishlist,,,
何以为家,imdb:tt8267604 year:2018 director:/person/794appOKO5i0oKvRJoTrvr,https://neodb.social/movie/5SfUpBL7Ep6RIIa7TQBmtT https://www.imdb.com/title/tt8267604/ https://www.themoviedb.org/movie/517814 https://www.wikidata.org/wiki/Q51803319 https://movie.douban.com/subject/30170448/ https://bridge.neodb.net/catalog/movie/imdbId-tt8267604,2023-02-26T16:00:00+00:00,wishlist,,,
铃芽户缔,imdb:tt16428256 year:2022 director:/person/389Zo9NZuJjSZT7koGKFcF,https://neodb.social/movie/4JVspcTxu4MPhpPpSQCivw https://eggplant.place/movie/0mUWFcfbM9eubh15afvgmL https://bgm.tv/subject/362577 https://movie.douban.com/subject/35371261/ https://www.themoviedb.org/movie/916224 https://bridge.neodb.net/catalog/movie/imdbId-tt16428256 https://www.imdb.com/title/tt16428256/ https://anilist.co/anime/142770 https://www.wikidata.org/wiki/Q110126272,2023-04-01T16:00:00+00:00,complete,8,,
俄罗斯方块,imdb:tt12758060 year:2023 director:/person/0ieCT3mZclxVmsXU0MnROY,https://neodb.social/movie/6HXNhoodf0SR9gB1DR4brZ https://eggplant.place/movie/1PgEfciQjPHKkXEhzlraUa https://movie.douban.com/subject/26087471/ https://www.themoviedb.org/movie/726759 https://www.wikidata.org/wiki/Q104044312 https://bridge.neodb.net/catalog/movie/imdbId-tt12758060 https://www.imdb.com/title/tt12758060/,2023-04-04T16:00:00+00:00,wishlist,,,
芬奇,imdb:tt3420504 year:2021 director:/person/31kFpKkXaM8koFwqaNVimk,https://neodb.social/movie/3TsObdZyDbLC36WYU7wgxA https://www.imdb.com/title/tt3420504/ https://movie.douban.com/subject/26897885/ https://www.themoviedb.org/movie/522402 https://bridge.neodb.net/catalog/movie/imdbId-tt3420504 https://www.wikidata.org/wiki/Q55605492,2023-04-07T16:00:00+00:00,complete,6,英语课，谢谢小丽,
七磅,imdb:tt0814314 year:2008 director:加布里埃莱·穆奇诺,https://neodb.social/movie/3ncFaPVAtNbO2XhM0sWdk2 https://www.imdb.com/title/tt0814314/ https://movie.douban.com/subject/2969282/ https://www.themoviedb.org/movie/11321 https://minreol.dk/movie/6yGBj2XCSYAZwHWfW7uHpy https://www.wikidata.org/wiki/Q635924,2023-04-13T16:00:00+00:00,wishlist,,,
,imdb:tt26007176 year:2023,https://neodb.social/movie/0ahGgBuN8ClGcZTRP5RQhw https://www.imdb.com/title/tt26007176/ https://www.themoviedb.org/movie/1082322,2023-05-13T16:00:00+00:00,complete,10,五星鼓励,
小偷家族,imdb:tt8075192 year:2018 director:/person/6T7PS7lUxUsbwuRi3K8Oj0,https://neodb.social/movie/5TTX7VfN4GHX4HbwLILNpq https://movie.douban.com/subject/27622447/ https://www.themoviedb.org/movie/505192 https://www.wikidata.org/wiki/Q48765577 https://bgm.tv/subject/246700 https://www.imdb.com/title/tt8075192/,2023-05-18T16:00:00+00:00,wishlist,,,
蜘蛛侠：纵横宇宙,imdb:tt9362722 year:2023 director:/person/0EeuNMqgzNoWVyh3XSlZs1//person/65KqovxRMqX2EPajG43wVH//person/3vBBFnpqBGyAxhyiOMWKEi,https://neodb.social/movie/6TvJKU2rJ5SoJSeTLwdDdv https://eggplant.place/movie/5DiIyPd2VhGESymPKGQ1GG https://minreol.dk/movie/5CahxGr5TupAXRdhMLqUYs https://www.imdb.com/title/tt9362722/ https://movie.douban.com/subject/30391186/ https://bgm.tv/subject/282413 https://neodb.kevga.de/movie/4GkPsTJy32fvVWvdit20mx https://www.themoviedb.org/movie/569094 https://bridge.neodb.net/catalog/movie/imdbId-tt9362722 https://www.wikidata.org/wiki/Q76448600,2023-06-09T16:00:00+00:00,complete,10,,
蜘蛛侠：纵横宇宙(下),imdb:tt16360004 year:2027 director:/person/6NOOxQ6N0LQZgTdecAkfAW//person/65KqovxRMqX2EPajG43wVH,https://neodb.social/movie/5PNSxUqF9z5WLFhI1Eqyy1 https://www.imdb.com/title/tt16360004/ https://www.themoviedb.org/movie/911916 https://www.wikidata.org/wiki/Q110152284 https://movie.douban.com/subject/35715647/ https://bridge.neodb.net/catalog/movie/imdbId-tt16360004,2023-06-10T16:00:00+00:00,wishlist,,,
新世纪福音战士剧场版：Air/真心为你,imdb:tt0169858 year:1997 director:/person/649Zjh3YCEr9b1oMoENZhp//person/3GcnYnng1vLVNIEBz0kkCs,https://neodb.social/movie/4h8SqKxaMXdKF1ADrLeygX https://eggplant.place/movie/5In0VgZHgpg9JrR87JRBxY https://www.themoviedb.org/movie/18491 https://www.imdb.com/title/tt0169858/ https://movie.douban.com/subject/1308892/ https://bgm.tv/subject/6049 https://www.wikidata.org/wiki/Q1151814 https://bridge.neodb.net/catalog/movie/imdbId-tt0169858,2023-06-12T16:00:00+00:00,complete,10,,
再次出发之纽约遇见你,imdb:tt1980929 year:2013 director:/person/1UK4sSZQJBpOs7JFIHgs1i,https://neodb.social/movie/0Be3lmvC8txIqJPqKZTOWm https://www.imdb.com/title/tt1980929/ https://www.themoviedb.org/movie/198277 https://movie.douban.com/subject/6874403/ https://bridge.neodb.net/catalog/movie/imdbId-tt1980929 https://www.wikidata.org/wiki/Q2935739,2023-06-15T16:00:00+00:00,wishlist,,,
蜘蛛侠：平行宇宙,imdb:tt4633694 year:2018 director:/person/6NOOxQ6N0LQZgTdecAkfAW//person/1sH0cJAueUL3msHkBmdJ04//person/0QdBcZPNt8qJ9ZjGzuMaDY,https://neodb.social/movie/7LXcnrlommYYE4oSom6OXI https://minreol.dk/movie/6eecBzpsSstWWXv9rzhQW2 https://movie.douban.com/subject/26374197/ https://www.themoviedb.org/movie/324857 https://www.imdb.com/title/tt4633694/ https://eggplant.place/movie/5g31XPsoMnNWkrKt1eod2f https://neodb.kevga.de/movie/5KzVF81mpH5fFawsyZQ7CY https://bgm.tv/subject/232067 https://bridge.neodb.net/catalog/movie/imdbId-tt4633694 https://www.wikidata.org/wiki/Q29588607,2023-07-01T16:00:00+00:00,complete,10,,
福音战士新剧场版：序,imdb:tt0923811 year:2007 director:/person/649Zjh3YCEr9b1oMoENZhp//person/7Rn36AJJseIcj7OssfiXut//person/3GcnYnng1vLVNIEBz0kkCs,https://neodb.social/movie/4Xj7ObTh25cyYgQvQQNoDp https://www.themoviedb.org/movie/15137 https://www.imdb.com/title/tt0923811/ https://movie.douban.com/subject/1968790/ https://bgm.tv/subject/772 https://eggplant.place/movie/4PKGc3xmGKKOczG0a5uTHI https://www.wikidata.org/wiki/Q579209 https://bridge.neodb.net/catalog/movie/imdbId-tt0923811,2023-07-17T16:00:00+00:00,complete,10,,
信条,imdb:tt6723592 year:2020 director:/person/3PpyzImkStfrJ35JV9FE5Y,https://neodb.social/movie/6tNNgF982mcDPHXUM8Bj4K https://bridge.neodb.net/catalog/movie/imdbId-tt6723592 https://www.themoviedb.org/movie/577922 https://eggplant.place/movie/1cwoONyvoGSGmwKmZnu9Mu https://movie.douban.com/subject/30444960/ https://www.imdb.com/title/tt6723592/ https://minreol.dk/movie/4CezCUPHznCC1fYbL0qyKr https://www.wikidata.org/wiki/Q63985561 https://bgm.tv/subject/414065,2023-07-22T16:00:00+00:00,complete,8,谢谢顺子,
茶啊二中,imdb:tt28080961 year:2022 director:阎凯/夏铭泽/闫峥/姜峰/高禹恒,https://neodb.social/movie/6pm6Bd4ZVAMnXCMCJlvIxt https://www.wikidata.org/wiki/Q124498503 https://www.imdb.com/title/tt28080961/ https://movie.douban.com/subject/34880018/ https://www.themoviedb.org/movie/1149485,2023-07-26T16:00:00+00:00,wishlist,,,
福音战士新剧场版：Q,imdb:tt0860907 year:2012 director:/person/649Zjh3YCEr9b1oMoENZhp//person/7Rn36AJJseIcj7OssfiXut//person/6P4X953S8QKCp66Ojnoy2W//person/3GcnYnng1vLVNIEBz0kkCs,https://neodb.social/movie/1eiJZ5c3kW3dN0N7c2zMvf https://www.imdb.com/title/tt0860907/ https://movie.douban.com/subject/2567647/ https://www.themoviedb.org/movie/75629 https://eggplant.place/movie/6lpacCfO2VU8J7Ubtc6lfA https://www.wikidata.org/wiki/Q182206 https://bridge.neodb.net/catalog/movie/imdbId-tt0860907,2023-08-02T16:00:00+00:00,complete,10,,
福音战士新剧场版：破,imdb:tt0860906 year:2009 director:/person/649Zjh3YCEr9b1oMoENZhp//person/7Rn36AJJseIcj7OssfiXut//person/3GcnYnng1vLVNIEBz0kkCs,https://neodb.social/movie/7Z7wwprWqr4J6c5aX9LuoG https://bgm.tv/subject/3302 https://movie.douban.com/subject/2567646/ https://www.themoviedb.org/movie/22843 https://eggplant.place/movie/06Hjerk9vO3htzp9yl41oa https://www.wikidata.org/wiki/Q614200 https://www.imdb.com/title/tt0860906/ https://bridge.neodb.net/catalog/movie/imdbId-tt0860906,2023-08-03T16:00:00+00:00,complete,10,,
新·福音战士剧场版：终,imdb:tt2458948 year:2021 director:/person/649Zjh3YCEr9b1oMoENZhp//person/3GcnYnng1vLVNIEBz0kkCs//person/1IAsO9WAevXY1kVZ1VAqjo//person/6P4X953S8QKCp66Ojnoy2W,https://neodb.social/movie/1RXkTv6F3WLxS82XxvQYXu https://movie.douban.com/subject/10428501/ https://bgm.tv/subject/29883 https://eggplant.place/movie/4YaDstAN7AKrYaRcR4SBuG https://www.themoviedb.org/movie/283566 https://www.wikidata.org/wiki/Q6434144 https://bridge.neodb.net/catalog/movie/imdbId-tt2458948 https://www.imdb.com/title/tt2458948/,2023-08-03T16:00:00+00:00,complete,10,,
玉子爱情故事,imdb:tt3413018 year:2014 director:山田尚子,https://neodb.social/movie/5WriphvgP142tnUmMcAs44 https://movie.douban.com/subject/25796222/ https://www.wikidata.org/wiki/Q15975680 https://www.imdb.com/title/tt3413018/ https://www.themoviedb.org/movie/257475 https://bgm.tv/subject/90880,2023-08-13T16:00:00+00:00,complete,10,"青春 细腻
京阿尼真的好温柔",
利兹与青鸟,imdb:tt7089878 year:2018 director:山田尚子,https://neodb.social/movie/0MVNOUeqG77f37182CaLQs https://movie.douban.com/subject/27062637/ https://reviewdb.app/movie/2ppUXZdrIughR7SMf6snjC https://bgm.tv/subject/216371 https://www.themoviedb.org/movie/482150 https://www.wikidata.org/wiki/Q59788987 https://www.imdb.com/title/tt7089878/,2023-08-22T16:00:00+00:00,complete,10,"京阿尼一贯的细腻，真好啊
没看staff就知道，配乐一定是牛尾，太神了",
再见了所有的福音战士！庵野秀明的1214日～,imdb:tt15228008 year:2021 director:/person/2VL00QFZXDU4HKGaLwktXZ,https://neodb.social/movie/2USX4wkzGQX2uuHiwrAZKN https://www.themoviedb.org/movie/820041 https://eggplant.place/movie/4YaFrG9WYvzoXLrIfkyupR https://www.imdb.com/title/tt15228008/ https://movie.douban.com/subject/35438008/,2023-08-22T16:00:00+00:00,complete,10,,
秒速5厘米,imdb:tt0983213 year:2007 director:/person/389Zo9NZuJjSZT7koGKFcF,https://neodb.social/movie/00QcJRBFuFvrsfE5gUzpOB https://movie.douban.com/subject/2043546/ https://www.imdb.com/title/tt0983213/ https://bridge.neodb.net/catalog/movie/imdbId-tt0983213 https://bgm.tv/subject/927 https://www.themoviedb.org/movie/38142 https://www.wikidata.org/wiki/Q143513,2023-08-26T16:00:00+00:00,complete,6,又浪费了一个小时/太空人那段，魂穿星之声/风景画有多美，人画的就有多丑/经典新海诚式矫情,
海上钢琴师,imdb:tt0120731 year:1998 director:朱塞佩·托纳多雷,https://neodb.social/movie/2yRHCS7gP1d89K58GkRh8K https://movie.douban.com/subject/1292001/ https://www.themoviedb.org/movie/10376 https://www.imdb.com/title/tt0120731/ https://www.wikidata.org/wiki/Q1146711,2023-08-26T16:00:00+00:00,complete,10,,
言语如苏打般涌现,imdb:tt12735338 year:2020 director:石黑恭平,https://neodb.social/movie/6lOhfXTJjHLL6gAJk0Le3X https://www.imdb.com/title/tt12735338/ https://eggplant.place/movie/6QYDXk9L3h2bzed0jUrPBo https://movie.douban.com/subject/30453095/ https://www.themoviedb.org/movie/579741 https://www.wikidata.org/wiki/Q85871409,2023-08-27T16:00:00+00:00,complete,8,,
海边的曼彻斯特,imdb:tt4034228 year:2016 director:/person/71Wx4FE9YofY2SSP7GHPzD,https://neodb.social/movie/1FCnPnh9wfDofRNiMjvsPQ https://www.imdb.com/title/tt4034228/ https://movie.douban.com/subject/25980443/ https://www.wikidata.org/wiki/Q19864603 https://bridge.neodb.net/catalog/movie/imdbId-tt4034228 https://www.themoviedb.org/movie/334541,2023-10-09T16:00:00+00:00,wishlist,,,
摇滚藏獒,imdb:tt2822672 year:2016 director:艾什·布兰农,https://neodb.social/movie/7mVqT4tk2Pm0cRTv3GJOjT https://movie.douban.com/subject/25749813/ https://www.themoviedb.org/movie/333667 https://www.imdb.com/title/tt2822672/ https://www.wikidata.org/wiki/Q20751338,2023-10-27T16:00:00+00:00,wishlist,,,
永恒和一日,imdb:tt0156794 year:1998 director:西奥·安哲罗普洛斯,https://neodb.social/movie/6ZT8zEaLHHwwdxh4N0Hmqt https://movie.douban.com/subject/1293455/ https://www.themoviedb.org/movie/24858 https://www.imdb.com/title/tt0156794/ https://www.wikidata.org/wiki/Q697770,2023-11-03T16:00:00+00:00,wishlist,,,
绿皮书,imdb:tt6966692 year:2018 director:/person/0nog6p4ZBPbUmZEdbMX26V,https://neodb.social/movie/3QjgE0V4yaQGbcjGtpvRIz https://www.themoviedb.org/movie/490132 https://movie.douban.com/subject/27060077/ https://www.imdb.com/title/tt6966692/ https://eggplant.place/movie/5WQoaBdJ73tQMXiVoHc9QY https://bridge.neodb.net/catalog/movie/imdbId-tt6966692 https://www.wikidata.org/wiki/Q48673898,2023-12-28T16:00:00+00:00,complete,8,,
香草的天空,imdb:tt0259711 year:2001 director:卡梅伦·克罗,https://neodb.social/movie/3zg9X9GqLf40SLcP3xZt1B https://www.themoviedb.org/movie/1903 https://movie.douban.com/subject/1299054/ https://minreol.dk/movie/0wfJ2TjamdNqnc5R1X52sY https://www.imdb.com/title/tt0259711/ https://www.wikidata.org/wiki/Q110278,2024-01-05T16:00:00+00:00,wishlist,,,
来自深渊：深魂的黎明,imdb:tt10068916 year:2020 director:小岛正幸,https://neodb.social/movie/3jJ1q0HEw6WyDGA6EzZ05F https://www.themoviedb.org/movie/573730 https://movie.douban.com/subject/27591193/ https://bgm.tv/subject/230914 https://www.imdb.com/title/tt10068916/ https://www.wikidata.org/wiki/Q100156151,2024-01-12T16:00:00+00:00,complete,10,,
天空之城,imdb:tt0092067 year:1986 director:/person/6JUa76AyCrik7CG9YiSjas,https://neodb.social/movie/7TjcwpRxvBblxskweu2EFo https://movie.douban.com/subject/1291583/ https://minreol.dk/movie/1D0gt4Cu3KAUxYjf42NzhY https://bgm.tv/subject/298 https://eggplant.place/movie/6Tloqa7AZe5tYDKakYazUL https://www.themoviedb.org/movie/10515 https://bridge.neodb.net/catalog/movie/imdbId-tt0092067 https://moviebuff.social/movies/details/187/ https://www.imdb.com/title/tt0092067/ https://www.wikidata.org/wiki/Q498577,2024-02-14T16:00:00+00:00,complete,10,"不同的人为了不同的目的去寻找天空之城，最终天空之城却飞向那遥不可及的地方
纯粹而又善良的人总是会善有善报。终于希达摆脱了命运的束缚，而巴鲁也见证了传说中的天空之城，贪欲之中尚存良知的强盗也收获了财宝。美好如童话",
你想活出怎样的人生,imdb:tt6587046 year:2023 director:/person/6JUa76AyCrik7CG9YiSjas,https://neodb.social/movie/7SReOVIEq3itRypnDbcRqE https://www.imdb.com/title/tt8055182/ https://movie.douban.com/subject/26925611/ https://eggplant.place/movie/7YE49DtRD0mNfSk3x2WVcI https://bgm.tv/subject/228715 https://fantastika.social/movie/6V6BveIAFpRG3hJnoioqb0 https://www.imdb.com/title/tt6587046/ https://bridge.neodb.net/catalog/movie/imdbId-tt6587046 https://www.themoviedb.org/movie/508883 https://www.wikidata.org/wiki/Q47482560,2024-02-14T16:00:00+00:00,wishlist,,,
坏孩子的天空,imdb:tt0116767 year:1996 director:北野武,https://neodb.social/movie/1941lH9Z5vN6FImLf6w240 https://www.themoviedb.org/movie/27233 https://movie.douban.com/subject/1299062/ https://www.imdb.com/title/tt0116767/ https://www.wikidata.org/wiki/Q670964,2024-02-15T16:00:00+00:00,wishlist,,,
你的颜色,imdb:tt23951384 year:2024 director:山田尚子,https://neodb.social/movie/5P3IYh0rycvTg4ppQpO5VW https://www.wikidata.org/wiki/Q115978240 https://www.themoviedb.org/movie/1056444 https://bgm.tv/subject/409576 https://www.imdb.com/title/tt23951384/ https://movie.douban.com/subject/36177245/,2024-03-15T16:00:00+00:00,wishlist,,2024年夏！,
宇宙探索编辑部,imdb:tt15072612 year:2023 director:孔大山,https://neodb.social/movie/44E3AK7EKtc9fb3lBBqZNr https://www.wikidata.org/wiki/Q120219969 https://eggplant.place/movie/1AxBFlumNtuT3z31DUyTZU https://movie.douban.com/subject/34941536/ https://www.themoviedb.org/movie/851977 https://bgm.tv/subject/429141 https://www.imdb.com/title/tt15072612/,2024-04-06T16:00:00+00:00,wishlist,,,
乘船而去,imdb:tt27881481 year:2023 director:陈小雨,https://neodb.social/movie/6qAHTBGcZC0oM3OuwRssuZ https://movie.douban.com/subject/35268501/ https://eggplant.place/movie/0diiT6TfWYB4BYrAmbQQP0 https://www.themoviedb.org/movie/1141102 https://www.imdb.com/title/tt27881481/,2024-04-19T16:00:00+00:00,wishlist,,,
瞬息全宇宙,imdb:tt6710474 year:2022 director:丹·关/丹尼尔·施纳特,https://neodb.social/movie/2ABzhdkKEGW2YX7Fe11tlO https://www.imdb.com/title/tt6710474/ https://watch.socialyeti.club/movie/2YNEadrGIavBlhLIqxYcaf https://minreol.dk/movie/7NgBECiFi1vKDYXNgpveJw https://movie.douban.com/subject/30314848/ https://bgm.tv/subject/384319 https://www.themoviedb.org/movie/545611 https://bridge.neodb.net/catalog/movie/imdbId-tt6710474 https://www.wikidata.org/wiki/Q83808444,2024-05-23T16:00:00+00:00,wishlist,,,
蝴蝶效应,imdb:tt0289879 year:2004 director:/person/0ggC3hFvFcmVyCnhZzw12y//person/1BhoS28VzVvSEttvsydrg1,https://neodb.social/movie/60oiOnjHdxZwou950UgND6 https://www.imdb.com/title/tt0289879/ https://movie.douban.com/subject/1292343/ https://bgm.tv/subject/457989 https://minreol.dk/movie/5ovqqrxwsVZ1AEelomlSD8 https://www.themoviedb.org/movie/1954 https://bridge.neodb.net/catalog/movie/imdbId-tt0289879 https://www.wikidata.org/wiki/Q221109,2024-05-31T16:00:00+00:00,wishlist,,,
垫底辣妹,imdb:tt4195368 year:2015 director:/person/6aEzY60nV2AXgTJwvz1S5m,https://neodb.social/movie/4dmOHDczntRaIdfoiXxsWv https://bgm.tv/subject/117557 https://movie.douban.com/subject/26259677/ https://www.themoviedb.org/movie/349498 https://www.imdb.com/title/tt4195368/ https://www.wikidata.org/wiki/Q19892159,2024-06-01T16:00:00+00:00,wishlist,,,
无人引航,imdb:tt1798243 year:2014 director:威廉姆·H·梅西,https://neodb.social/movie/36YM7VM3UugUChjZCSSIJW https://www.wikidata.org/wiki/Q14834030 https://www.imdb.com/title/tt1798243/ https://movie.douban.com/subject/10754780/ https://www.themoviedb.org/movie/244403,2024-09-04T16:00:00+00:00,wishlist,,,
某种物质,imdb:tt17526714 year:2024 director:/person/6NbyGtWMRlGROWa63Gqf7f,https://neodb.social/movie/3n9buL3yaSCQgfBDFYTL2m https://eggplant.place/movie/6NevTLc17vBVDTNR3GKT0w https://www.imdb.com/title/tt17526714/ https://www.themoviedb.org/movie/933260 https://garage.o00o.lol/movie/23i3Nk4oj3O6Q1BTg0IrXD https://movie.douban.com/subject/35882838/ https://bridge.neodb.net/catalog/movie/imdbId-tt17526714 https://www.wikidata.org/wiki/Q113380226,2024-09-24T16:00:00+00:00,wishlist,,,
蓦然回首,imdb:tt31711040 year:2024 director:/person/6wTWmwqJNg0IgkILpfHNuo,https://neodb.social/movie/2U8yMOgmiYTtZdxyvrCmBU https://www.themoviedb.org/movie/1244492 https://movie.douban.com/subject/36765646/ https://bgm.tv/subject/480441 https://eggplant.place/movie/31ZrJoiSSceXx2XUvD6hEr https://www.imdb.com/title/tt31711040/ https://bridge.neodb.net/catalog/movie/imdbId-tt31711040 https://www.wikidata.org/wiki/Q127526724,2024-10-25T16:00:00+00:00,complete,10,,
平原上的夏洛克,imdb:tt10488396 year:2019 director:徐磊,https://neodb.social/movie/7XUB4X198035SRhBOlO03Y https://movie.douban.com/subject/33400376/ https://www.themoviedb.org/movie/617571 https://www.imdb.com/title/tt10488396/,2024-12-10T16:00:00+00:00,wishlist,,,
穿越时空的少女,imdb:tt0808506 year:2006 director:/person/0dPlFEgjx6LctEcZbWtvWz,https://neodb.social/movie/7ApoL3wfMs1UsiktN68KhK https://movie.douban.com/subject/1937946/ https://www.themoviedb.org/movie/14069 https://minreol.dk/movie/7aBqcV9DoORDhKBcEcYwJx https://www.imdb.com/title/tt0808506/ https://bgm.tv/subject/242 https://bridge.neodb.net/catalog/movie/imdbId-tt0808506 https://www.wikidata.org/wiki/Q336012,2024-12-26T16:00:00+00:00,wishlist,,,
机器人之梦,imdb:tt13429870 year:2023 director:/person/37r35y4LDJ4jyDhhN4kykb,https://neodb.social/movie/6jJ4dkY7oEi2Vw9fLvKvql https://www.themoviedb.org/movie/838240 https://eggplant.place/movie/6K9C0N1Jnii7ak7hGjNXYo https://bgm.tv/subject/447503 https://bridge.neodb.net/catalog/movie/imdbId-tt13429870 https://www.imdb.com/title/tt13429870/ https://www.wikidata.org/wiki/Q119786383 https://movie.douban.com/subject/35426925/,2025-01-25T16:00:00+00:00,wishlist,,,
星际穿越,imdb:tt0816692 year:2014 director:/person/3PpyzImkStfrJ35JV9FE5Y,https://neodb.social/movie/2vE4NFmmigU2ofsivNOdcG https://bgm.tv/subject/417236 https://eggplant.place/movie/1rblnQX0x9HDHWsBt7LSy5 https://bgm.tv/subject/114365 https://www.imdb.com/title/tt0816692/ https://minreol.dk/movie/7DxfkRtTNWsGEkveEsfgNZ https://movie.douban.com/subject/1889243/ https://bridge.neodb.net/catalog/movie/imdbId-tt0816692 https://www.themoviedb.org/movie/157336 https://www.wikidata.org/wiki/Q13417189,2025-01-25T16:00:00+00:00,complete,10,1月26日21:51:43,
公主追杀令,imdb:tt0419073 year:2006 director:安德斯·摩根泰勒,https://neodb.social/movie/5StDxOKbHAtRM1EYns3PLO https://movie.douban.com/subject/1866901/ https://www.themoviedb.org/movie/14173 https://www.wikidata.org/wiki/Q3403465 https://www.imdb.com/title/tt0419073/,2025-02-05T16:00:00+00:00,wishlist,,,
萤火虫之墓,imdb:tt0095327 year:1988 director:/person/5t2Lhg2islHMj2Yi0gsQ0i,https://neodb.social/movie/6QIOui8zy8l5KevLzhVAsq https://minreol.dk/movie/5E54HlYiB4scEzGLq36qPW https://eggplant.place/movie/7LLxg1ETtnEg1OWEgNF71H https://www.themoviedb.org/movie/12477 https://movie.douban.com/subject/1293318/ https://bridge.neodb.net/catalog/movie/imdbId-tt0095327 https://www.wikidata.org/wiki/Q274520 https://www.imdb.com/title/tt0095327/,2025-02-11T16:00:00+00:00,wishlist,,,
刺猬的优雅,imdb:tt1442519 year:2009 director:莫娜·阿查切,https://neodb.social/movie/6CkjXQ3jF2AP4CpJEfG5ul https://www.themoviedb.org/movie/19597 https://www.imdb.com/title/tt1442519/ https://www.wikidata.org/wiki/Q1212124 https://movie.douban.com/subject/3824274/,2025-02-14T16:00:00+00:00,wishlist,,,
天气之子,imdb:tt9426210 year:2019 director:/person/389Zo9NZuJjSZT7koGKFcF,https://neodb.social/movie/3ULeoeK0CuJHa1h2bt7ZeK https://bgm.tv/subject/269235 https://movie.douban.com/subject/30402296/ https://www.themoviedb.org/movie/568160 https://www.wikidata.org/wiki/Q59692464 https://bridge.neodb.net/catalog/movie/imdbId-tt9426210 https://www.imdb.com/title/tt9426210/,2025-02-17T16:00:00+00:00,complete,8,2月18日17:09:57,
大佛普拉斯,imdb:tt7010412 year:2017 director:黄信尧,https://neodb.social/movie/2r0tdYNi9CW69JXlsgDiS8 https://www.themoviedb.org/movie/475149 https://www.imdb.com/title/tt7010412/ https://www.wikidata.org/wiki/Q41794642 https://movie.douban.com/subject/27059130/,2025-03-04T16:00:00+00:00,complete,10,没有去上大物，看完了,
大提琴手,imdb:tt0083053 year:1982 director:高畑勋,https://neodb.social/movie/7fIwXgppEmrxdgaInrv40u https://movie.douban.com/subject/1302145/ https://www.themoviedb.org/movie/41017 https://www.wikidata.org/wiki/Q16689996 https://www.imdb.com/title/tt0083053/,2025-03-12T16:00:00+00:00,wishlist,,,
欢迎来到驹田蒸馏所,imdb:tt27626792 year:2023 director:吉原正行,https://neodb.social/movie/6saqdxGZh82ErO2A9lt7qu https://movie.douban.com/subject/36394934/ https://www.themoviedb.org/movie/1119211 https://www.imdb.com/title/tt27626792/ https://www.wikidata.org/wiki/Q117997583,2025-04-23T16:00:00+00:00,wishlist,,,
剧场总集篇 『孤独摇滚！』 Re:,imdb:tt32561659 year:2024 director:斋藤圭一郎,https://neodb.social/movie/0jp4OnkuXk8b0abwW4Anea https://www.wikidata.org/wiki/Q134170234 https://www.imdb.com/title/tt32561659/ https://bgm.tv/subject/436738 https://www.themoviedb.org/movie/1129610 https://movie.douban.com/subject/36415357/,2025-04-26T16:00:00+00:00,complete,10,"剪的一般，拍照那段放ppt难绷
还是太紧凑了，全程一直在听对话",
剧场总集篇 『孤独摇滚！』 Re:Re:,imdb:tt32576588 year:2024 director:斋藤圭一郎,https://neodb.social/movie/2OZY3PuhyBar8Os53mFvsK https://movie.douban.com/subject/36613553/ https://www.wikidata.org/wiki/Q134170322 https://www.imdb.com/title/tt32576588/ https://bgm.tv/subject/459642 https://www.themoviedb.org/movie/1201387,2025-05-02T16:00:00+00:00,complete,10,5月3日20:30:06在宿舍,
银翼杀手2049,imdb:tt1856101 year:2017 director:/person/3U5I8fv8CISlfEqmBX85MP,https://neodb.social/movie/1fJZOK4O6k9vb4nPjSCYFX https://www.imdb.com/title/tt1856101/ https://www.themoviedb.org/movie/335984 https://movie.douban.com/subject/10512661/ https://minreol.dk/movie/6EtoYBr34ocoJYDMle2gsf https://moviebuff.social/movies/details/2/ https://bridge.neodb.net/catalog/movie/imdbId-tt1856101 https://eggplant.place/movie/0OPIwGZpnQ23bB166mkERd https://www.wikidata.org/wiki/Q21500755,2025-07-22T16:00:00+00:00,wishlist,,,
银翼杀手,imdb:tt0083658 year:1982 director:/person/0ldHUKEVxfYl8jap2GIZy8,https://neodb.social/movie/07UjvDPvTdebqvHoCaVT43 https://movie.douban.com/subject/1291839/ https://www.imdb.com/title/tt0083658/ https://www.themoviedb.org/movie/78 https://neodb.deadvey.com/movie/3SCfnQahdSnIzGNQpSKR8f https://minreol.dk/movie/1qgvnqYBjtG4KMFaN8Ae2m https://eggplant.place/movie/5rgAGOmxHeywPW0te11yva https://neodb.kevga.de/movie/4MQOEIiSWuGzYV3at2YO4b https://bgm.tv/subject/72819 https://bridge.neodb.net/catalog/movie/imdbId-tt0083658 https://www.wikidata.org/wiki/Q184843,2025-07-22T16:00:00+00:00,wishlist,,,
一一,imdb:tt0244316 year:2000 director:/person/5EdzTXEjbk2acVTRhTo7fU,https://neodb.social/movie/5KJNqbTzhuc5BNV2ubGdIl https://www.imdb.com/title/tt0244316/ https://www.themoviedb.org/movie/25538 https://eggplant.place/movie/37X5UKhtbUzdSk6K5Pscls https://bridge.neodb.net/catalog/movie/imdbId-tt0244316 https://www.wikidata.org/wiki/Q704513 https://movie.douban.com/subject/1292434/,2025-10-30T16:00:00+00:00,wishlist,,,
疯狂动物城2,imdb:tt26443597 year:2025 director:拜伦·霍华德/杰拉德·布什,https://neodb.social/movie/3c1kyDKUvemvvxWRAKVAt6 https://minreol.dk/movie/1uLvpVF4Kvo9xNvUzOQapi https://www.wikidata.org/wiki/Q116764712 https://movie.douban.com/subject/26817136/ https://www.imdb.com/title/tt26443597/ https://bgm.tv/subject/419613 https://bridge.neodb.net/catalog/movie/imdbId-tt26443597 https://www.themoviedb.org/movie/1084242,2025-11-29T16:00:00+00:00,complete,6,11月30日18:39:27ysx生日,
椒麻堂会,imdb:tt14864160 year:2021 director:邱炯炯,https://neodb.social/movie/1bgVODaWCBKlCQ1AuGlLzC https://www.wikidata.org/wiki/Q124556439 https://movie.douban.com/subject/27305997/ https://www.imdb.com/title/tt14864160/ https://www.themoviedb.org/movie/513305,2025-11-30T16:00:00+00:00,wishlist,,,
电锯人 - 剧场版：蕾塞篇,imdb:tt30472557 year:2025 director:/person/3w5mgvyeOIOWNaOshEbMnX,https://neodb.social/movie/5NAjaDqAgZeZ3ZzzPAkYEW https://www.themoviedb.org/movie/1218925 https://bgm.tv/subject/470660 https://movie.douban.com/subject/36691530/ https://movie.douban.com/subject/37291780/ https://bridge.neodb.net/catalog/movie/tmdbId-1218925 https://www.imdb.com/title/tt30472557/ https://www.wikidata.org/wiki/Q123906765,2025-12-18T16:00:00+00:00,complete,10,"12月19日21:15:24
考试前看到上流媒体就在期待了，直到今天才终于有机会看完",
我怎么可能成为你的恋人，不行不行！（※不是不可能！？） 剧场版,imdb:tt39254742 year:2025 director:内沼菜摘,https://neodb.social/movie/7X8ORDDXGsiUkk0mkKDJoQ https://movie.douban.com/subject/37560609/ https://www.themoviedb.org/movie/1551201 https://www.imdb.com/title/tt39254742/,2026-01-01T16:00:00+00:00,complete,6,我在看什么,
超时空辉夜姬,imdb:tt38872297 year:2026 director:山下清悟,https://neodb.social/movie/3kKxQBRSQcUI7ad7Y58fIM https://www.wikidata.org/wiki/Q136708889 https://www.themoviedb.org/movie/1575337 https://movie.douban.com/subject/37825206/ https://bridge.neodb.net/catalog/movie/tmdbId-1575337 https://www.imdb.com/title/tt38872297/,2026-01-28T16:00:00+00:00,complete,6,"实在看的没有什么感觉，剧情哪哪似乎都差那么一点，跳出观众的视角来看能感觉作者想讲很多东西，寿命论，家庭，追求梦想，但是看完之后这几个没有一个能真正做到打动我。而且剧情的不合理之处也太多了，设定也很荒唐，荒唐到我难以代入的程度。
制作非常精致，但是不是我喜欢的那种，看得我好累好累啊。怎么感觉近些年来动画的色彩饱和度越来越高了，我的眼睛要受不了了。
听到了好多熟悉的v曲的翻版，看之前我只听说了有女同，所以有点小惊喜。虽然有几首我只是感觉很熟悉并没有听出来原曲，改动太大了。还有怎么又是你井上拓。",
搏击俱乐部,imdb:tt0137523 year:1999 director:/person/5rx7Bre1IozALhTRqxzZlY,https://neodb.social/movie/33LWgbD3AIK7K8wSxAhtTp https://movie.douban.com/subject/1292000/ https://www.themoviedb.org/movie/550 https://www.imdb.com/title/tt0137523/ https://minreol.dk/movie/0qbPV56iaeKTazdMD4Mo0G https://bridge.neodb.net/catalog/movie/imdbId-tt0137523 https://bgm.tv/subject/445801 https://www.wikidata.org/wiki/Q190050,2026-01-31T16:00:00+00:00,complete,10,2月1日16:31:17在家,
功夫,imdb:tt0373074 year:2004 director:周星驰,https://neodb.social/movie/79xI5OWqu8YpRy91nH4P0V https://eggplant.place/movie/2WpMJOTMmzBEEbiOHRXf8T https://movie.douban.com/subject/1291543/ https://www.wikidata.org/wiki/Q470759 https://www.imdb.com/title/tt0373074/ https://www.themoviedb.org/movie/9470 https://bridge.neodb.net/catalog/movie/imdbId-tt0373074,2026-02-12T16:00:00+00:00,wishlist,,,
的士速递5,imdb:tt7238392 year:2018 director:弗兰克·盖思堂彼得,https://neodb.social/movie/6D1PGu699aqZWUvEtRZRQ1 https://www.imdb.com/title/tt7238392/ https://movie.douban.com/subject/27615564/ https://www.themoviedb.org/movie/434355 https://www.wikidata.org/wiki/Q30726990,2026-02-14T16:00:00+00:00,complete,,很久之前在电视上看过,
阳光普照,imdb:tt10883506 year:2019 director:钟孟宏,https://neodb.social/movie/2Bk63NmfMN0bnvMFzLUQ0C https://movie.douban.com/subject/30292777/ https://eggplant.place/movie/2fYGqCmzv4MpBM3Z3BgCXe https://www.wikidata.org/wiki/Q69400860 https://www.themoviedb.org/movie/622951 https://www.imdb.com/title/tt10883506/,2026-02-17T16:00:00+00:00,wishlist,,,
1/2的魔法,imdb:tt7146812 year:2020 director:丹·斯坎隆,https://neodb.social/movie/3NhuQ6wMLFJmECFqeoYTrM https://minreol.dk/movie/7L5gA5kS2UWpBlwvbAA79O https://movie.douban.com/subject/30401849/ https://www.themoviedb.org/movie/508439 https://www.wikidata.org/wiki/Q59690895 https://bridge.neodb.net/catalog/movie/imdbId-tt7146812 https://www.imdb.com/title/tt7146812/,2026-02-22T16:00:00+00:00,wishlist,,我记得当时在两部里考虑最后看了hp，怀念,
给阿嬷的情书,imdb:tt41791573 year:2026 director:/person/0DjEQFYPI2DDZ2Ha99L9c0,https://neodb.social/movie/5JNEBpERf9S91oDZcnipiz https://www.themoviedb.org/movie/1671548 https://www.imdb.com/title/tt41791573/ https://movie.douban.com/subject/37116446/,2026-05-09T16:00:00+00:00,wishlist,,,
完美的日子,imdb:tt27503384 year:2023 director:/person/3eOFAGtn2mRwo3HE3BVTPI,https://neodb.social/movie/0nLHE4Nahno3TxhMTHV48e https://movie.douban.com/subject/35902857/ https://www.themoviedb.org/movie/976893 https://www.imdb.com/title/tt27503384/ https://eggplant.place/movie/52knDdfzTXiTIToNeSoMkA https://bgm.tv/subject/457386 https://bridge.neodb.net/catalog/movie/imdbId-tt27503384 https://www.wikidata.org/wiki/Q117663112,2026-05-11T16:00:00+00:00,wishlist,,,
奇异世界,imdb:tt10298840 year:2022 director:/person/5jXbZ6VYbbULvZtw3WMJl1//person/49jNm7q933LnxKuLne8WsJ,https://neodb.social/movie/663Gu3KlrQArAfC574vbvk https://eggplant.place/movie/1JYHDA9osPVR2Ahy201ixN https://movie.douban.com/subject/35018488/ https://www.imdb.com/title/tt10298840/ https://bgm.tv/subject/386503 https://www.wikidata.org/wiki/Q107473453 https://bridge.neodb.net/catalog/movie/imdbId-tt10298840 https://www.themoviedb.org/movie/877269,2026-05-15T16:00:00+00:00,complete,,补标，当时应该是看完了,
关于莉莉周的一切,imdb:tt0297721 year:2001 director:/person/0GEGX7iFr9ZtMX7teIUldJ,https://neodb.social/movie/7jpkuuGTX6Bn2stDQdPYyB https://movie.douban.com/subject/1292219/ https://www.themoviedb.org/movie/16664 https://www.wikidata.org/wiki/Q1329381 https://www.imdb.com/title/tt0297721/ https://bridge.neodb.net/catalog/movie/imdbId-tt0297721,2026-05-15T16:00:00+00:00,complete,6,"很讨厌。没有对上电波。
音乐很棒，画面也很棒，我很喜欢这部电影的质感，脏兮兮的摇滚乐和纯洁的钢琴乐。拍的也很漂亮，有一种朦朦胧胧的美感。但还是很讨厌。
我想我大概是缺少青春的那种体验吧，不理解里面大多数人的行为，搭配可以的拍摄手法，看着晕晕乎乎的。
喜欢放完风筝后自杀的那一幕。很美丽的死法。",
不真实的国度,imdb:tt0390123 year:2004 director:虞琳敏,https://neodb.social/movie/7dVXsAlLnrWdicYSx5rchG https://movie.douban.com/subject/1401384/ https://www.wikidata.org/wiki/Q11663744 https://www.imdb.com/title/tt0390123/ https://www.themoviedb.org/movie/1853,2026-05-17T16:00:00+00:00,wishlist,,,
白箱剧场版,imdb:tt8346438 year:2020 director:水岛努,https://neodb.social/movie/2Ff9EIa95mO2huHIEH35cK https://movie.douban.com/subject/30207998/ https://www.imdb.com/title/tt8346438/ https://www.wikidata.org/wiki/Q109458733 https://www.themoviedb.org/movie/532323,2026-06-18T16:00:00+00:00,complete,6,失望,
夏日幽灵,imdb:tt15052770 year:2021 director:loundraw,https://neodb.social/movie/1AxUFeaDV4H5N5IcwtWnFk https://movie.douban.com/subject/35368245/ https://www.wikidata.org/wiki/Q108063389 https://www.imdb.com/title/tt15052770/ https://www.themoviedb.org/movie/798544,2026-06-20T16:00:00+00:00,complete,4,"闲着没事翻有什么可以看的 才发现这部电影居然只有四十分钟 之前也听过配乐 于是看了
半成品 本来可以更有意思的",
六头鲨来袭,imdb:tt8360902 year:2018 director:马克·阿特金斯,https://neodb.social/movie/4i8cTvtAETGdmjbTiiAhgL https://movie.douban.com/subject/30311141/ https://www.themoviedb.org/movie/522438 https://www.imdb.com/title/tt8360902/ https://www.wikidata.org/wiki/Q60199457,2026-08-08T16:00:00+00:00,wishlist,,,
布达佩斯大饭店,imdb:tt2278388 year:2014 director:/person/3aoW0UJGRs61Fi4tskuvOm,https://neodb.social/movie/7FnedSsVujM8iRZYeN1Qti https://bridge.neodb.net/catalog/movie/imdbId-tt2278388 https://www.themoviedb.org/movie/120467 https://movie.douban.com/subject/11525673/ https://www.imdb.com/title/tt2278388/ https://minreol.dk/movie/2Kx9ApWKPdl1aJ1QlKsbJP https://eggplant.place/movie/0c0lljlzTbqJKfd3srgwgc https://www.wikidata.org/wiki/Q3521099,2026-08-30T16:00:00+00:00,wishlist,,,
